trial,workload,kind,count,snapshot_ms,cold_ms,p50_ms,p95_ms,row_builds,commands
1,pointer,fixed,1000,0.3745469730347395,0.7406979566439986,0.2622930333018303,0.26669097132980824,0,35
1,pointer,variable,1000,0.19099097698926926,0.3788189496845007,0.11103600263595581,0.11530111078172922,0,24
1,scroll,fixed,1000,0.19663607235997915,0.29608001932501793,0.994028989225626,1.2550170067697763,780,35
1,scroll,variable,1000,0.19206793513149023,0.31398399733006954,0.39460393600165844,0.4353240365162492,13,30
1,drag,fixed,1000,0.18903205636888742,0.3048550570383668,0.2786400727927685,0.2869460731744766,0,35
1,drag,variable,1000,0.18937699496746063,0.31829799991101027,0.11454394552856684,0.11939997784793377,0,24
1,streaming,fixed,1000,0.22127502597868443,0.28939300682395697,0.26371993590146303,0.2697850577533245,0,35
1,streaming,variable,1000,0.19110296852886677,0.31196395866572857,0.1600059913471341,0.17264008056372404,36,24
1,pointer,fixed,100000,19.79486201889813,0.2935699885711074,0.24989398662000895,0.2521621063351631,0,35
1,pointer,variable,100000,19.201772985979915,0.30214490834623575,0.1016479218378663,0.10374397970736027,0,25
1,scroll,fixed,100000,18.0146909551695,0.30641607008874416,0.9039160795509815,1.1490910546854138,780,35
1,scroll,variable,100000,18.04435602389276,0.3104099305346608,0.28047896921634674,0.3613990265876055,15,30
1,drag,fixed,100000,18.061185954138637,0.2775950124487281,0.2567620249465108,0.26682298630476,0,35
1,drag,variable,100000,18.002505996264517,0.3070239908993244,0.10787101928144693,0.11122995056211948,0,25
1,streaming,fixed,100000,18.35941500030458,0.2905410947278142,0.2505009761080146,0.254638958722353,0,35
1,streaming,variable,100000,18.16421700641513,0.3156629391014576,0.11792697478085756,0.1246000174432993,34,25
1,pointer,fixed,1000000,203.21748103015125,0.39198901504278183,0.23996306117624044,0.2476100344210863,0,35
1,pointer,variable,1000000,205.01322799827904,0.3808940527960658,0.10235002264380455,0.11972303036600351,0,22
1,scroll,fixed,1000000,221.0341909667477,0.3748020390048623,0.9805669542402029,1.2598750181496143,780,35
1,scroll,variable,1000000,219.1876230062917,0.41172001510858536,0.34432008396834135,0.4311389056965709,16,26
1,drag,fixed,1000000,224.94648804422468,0.4990359302610159,0.33617904409766197,0.37088198587298393,0,35
1,drag,variable,1000000,224.04178197029978,0.40018209256231785,0.1138410298153758,0.12390001211315393,0,22
1,streaming,fixed,1000000,217.33379107899964,0.36705401726067066,0.25115301832556725,0.25322800502181053,0,35
1,streaming,variable,1000000,200.91970800422132,0.3807729808613658,0.14885899145156145,0.15731400344520807,35,22
2,pointer,fixed,1000,0.19051297567784786,0.29836001340299845,0.24334294721484184,0.24951796513050795,0,35
2,pointer,variable,1000,0.17858704086393118,0.31275302171707153,0.1020040363073349,0.10369205847382545,0,24
2,scroll,fixed,1000,0.17263100016862154,0.26632496155798435,0.9068410145118833,1.158213010057807,780,35
2,scroll,variable,1000,0.1744340406730771,0.2859319793060422,0.36870501935482025,0.40208606515079737,13,30
2,drag,fixed,1000,0.1725089969113469,0.2687179949134588,0.2554201055318117,0.2587259514257312,0,35
2,drag,variable,1000,0.16997498460114002,0.28770300559699535,0.10492000728845596,0.10753690730780363,0,24
2,streaming,fixed,1000,0.1791209215298295,0.2719729673117399,0.24145608767867088,0.24516100529581308,0,35
2,streaming,variable,1000,0.17531495541334152,0.2814939944073558,0.14977704267948866,0.1580220414325595,36,24
2,pointer,fixed,100000,19.600989064201713,0.3808040637522936,0.2627369249239564,0.2738179173320532,0,35
2,pointer,variable,100000,19.73959698807448,0.40236697532236576,0.11083693243563175,0.11307594832032919,0,25
2,scroll,fixed,100000,19.518114044331014,0.33541000448167324,0.9820869890972972,1.2409460032358766,780,35
2,scroll,variable,100000,18.574928981252015,0.3198700724169612,0.28545898385345936,0.37069106474518776,15,30
2,drag,fixed,100000,17.774579930119216,0.2810390433296561,0.2562900772318244,0.2645000349730253,0,35
2,drag,variable,100000,17.897414043545723,0.29518199153244495,0.10375503916293383,0.10778801515698433,0,25
2,streaming,fixed,100000,17.809798009693623,0.27585006318986416,0.24253304582089186,0.24540408048778772,0,35
2,streaming,variable,100000,17.86207698751241,0.29547198209911585,0.11501007247716188,0.1209379406645894,34,25
2,pointer,fixed,1000000,199.18880693148822,0.3613519947975874,0.25058595929294825,0.2523409202694893,0,35
2,pointer,variable,1000000,200.63786103855819,0.39888103492558,0.10174198541790247,0.10755506809800863,0,22
2,scroll,fixed,1000000,221.13208507653326,0.39782491512596607,0.9878629352897406,1.2579710455611348,780,35
2,scroll,variable,1000000,228.93344308249652,0.4035530146211386,0.3454670077189803,0.41063607204705477,16,26
2,drag,fixed,1000000,203.10795900877565,0.3716469509527087,0.2658290322870016,0.2705439692363143,0,35
2,drag,variable,1000000,208.93687196075916,0.3813179209828377,0.10441592894494534,0.10779302101582289,0,22
2,streaming,fixed,1000000,196.48259202949703,0.36696798633784056,0.24080602452158928,0.24955300614237785,0,35
2,streaming,variable,1000000,196.9258909812197,0.389872002415359,0.14665198978036642,0.1544139813631773,35,22
3,pointer,fixed,1000,0.18113106489181519,0.291523989289999,0.2406660933047533,0.2507950412109494,0,35
3,pointer,variable,1000,0.1715710386633873,0.2937070094048977,0.1025650417432189,0.10524492245167494,0,24
3,scroll,fixed,1000,0.17051701433956623,0.2661829348653555,0.904620043002069,1.1533970246091485,780,35
3,scroll,variable,1000,0.17272797413170338,0.28608401771634817,0.3594779409468174,0.4110389854758978,13,30
3,drag,fixed,1000,0.19731302745640278,0.2666059881448746,0.2554419916123152,0.2576550468802452,0,35
3,drag,variable,1000,0.17463997937738895,0.2810120349749923,0.10511197615414858,0.10647904127836227,0,24
3,streaming,fixed,1000,0.1721320440992713,0.2691340632736683,0.24076702538877726,0.24222698993980885,0,35
3,streaming,variable,1000,0.2005499554798007,0.2818070352077484,0.15170592814683914,0.15644391532987356,36,24
3,pointer,fixed,100000,19.08125600311905,0.2814499894157052,0.24089403450489044,0.24269905406981707,0,35
3,pointer,variable,100000,18.299592076800764,0.301655032671988,0.10252394713461399,0.10623701382428408,0,25
3,scroll,fixed,100000,18.32640403881669,0.2768819686025381,0.9061919990926981,1.1488799937069416,780,35
3,scroll,variable,100000,18.598278984427452,0.5764219677075744,0.30709407292306423,0.4470209823921323,15,30
3,drag,fixed,100000,20.124037051573396,0.38654194213449955,0.278702937066555,0.282253953628242,0,35
3,drag,variable,100000,19.938304903917015,0.4125199047848582,0.11294800788164139,0.11545803863555193,0,25
3,streaming,fixed,100000,19.88038804847747,0.3537039738148451,0.26849203277379274,0.37118210457265377,0,35
3,streaming,variable,100000,19.48698901105672,0.36404095590114594,0.1231019850820303,0.1339600421488285,34,25
3,pointer,fixed,1000000,220.0312609784305,0.39216410368680954,0.2627209760248661,0.26631797663867474,0,35
3,pointer,variable,1000000,219.89205095451325,0.41178998071700335,0.11108501348644495,0.11400890070945024,0,22
3,scroll,fixed,1000000,201.93895499687642,0.3649839200079441,0.9082789765670896,1.1546589666977525,780,35
3,scroll,variable,1000000,198.1493659550324,0.3896510461345315,0.3092000260949135,0.3851319197565317,16,26
3,drag,fixed,1000000,197.94535101391375,0.3796479431912303,0.2566229086369276,0.2636970020830631,0,35
3,drag,variable,1000000,199.0381049690768,0.39780198130756617,0.10879908222705126,0.11095392983406782,0,22
3,streaming,fixed,1000000,213.2071410305798,0.39071799255907536,0.2620639279484749,0.264278962276876,0,35
3,streaming,variable,1000000,221.8479620059952,0.41159207466989756,0.1606430159881711,0.16902806237339973,35,22
