trial,identified,mode,commands,input_p50MS,input_p95MS,input_cpuP50MS,input_cpuP95MS,presentation_p50MS,presentation_p95MS,presentation_cpuP50MS,presentation_cpuP95MS
0,0,baseline-final,3483,41.47505200035084,161.42723399934766,41.47933999999998,155.49712599999998,3.8661139997202554,7.030951000160712,3.823587999999989,7.0342249999999495
0,0,candidate-final,3483,41.34250300012354,52.13152099986473,41.341306000000074,52.00142499999999,3.7637119994542445,8.267945000625332,3.7669249999999765,8.271014999999993
0,1,baseline-final,3483,116.52923800011195,170.10370299976785,116.53670499999969,170.05416500000027,8.891577000213147,11.712565000379982,8.895571000000047,11.715849
0,1,candidate-final,3483,111.67811499944946,123.23552399993787,111.51783800000015,123.23311099999978,9.008099000311631,11.57594500000414,9.011221999999819,11.576266999999696
1,0,baseline-final,3483,49.86693499995454,68.93600500006869,49.87204700000003,68.86288299999998,5.019824000555673,8.059171999775572,5.0216719999999775,8.062358999999963
1,0,candidate-final,3483,51.92886399981944,171.36483899957966,51.92733000000027,171.37434400000018,5.802299000606581,21.067841999865777,5.316208999999961,20.559722
1,1,baseline-final,3483,124.75515299956896,245.79938199985918,124.27661700000003,245.812688,10.024542999417463,24.313480000273557,10.02709700000004,24.276242000000003
1,1,candidate-final,3483,109.39596200023516,121.70610800058057,109.37716600000003,121.71399400000004,8.799006999652192,10.381144000348286,8.802208000000089,10.38477599999954
2,0,baseline-final,3483,41.11645800003316,65.08050899992668,41.121081000000004,64.99790500000002,3.6434300000109943,6.629081000028236,3.6465160000000996,6.632426000000025
2,0,candidate-final,3483,40.621630000714504,53.125061000173446,40.625947999999966,53.12998400000002,3.6920180000379332,4.8769969998829765,3.6949499999999746,4.880047000000026
2,1,baseline-final,3483,138.29478499974357,327.8425950002202,138.19969699999967,327.83838200000037,10.865778000152204,39.609626999663305,10.881669000000205,39.61689999999951
2,1,candidate-final,3483,159.7501670003112,194.12087700038683,159.75934599999997,194.12486000000007,12.221358000715554,21.680457999536884,12.22493800000013,21.674629999999915
