trial,depth,identified,mode,commands,input_p50MS,input_p95MS,input_cpuP50MS,input_cpuP95MS,presentation_p50MS,presentation_p95MS,presentation_cpuP50MS,presentation_cpuP95MS
0,0,0,baseline-final,3483,51.994330000525224,60.49749799967685,51.98011799999996,57.31997,5.589725000390899,17.697825999675842,5.546570000000028,17.701773999999947
0,0,0,candidate-final,3483,42.953477000082785,66.791098000067,42.95764899999999,66.79648800000004,4.012690000308794,9.126637999543163,4.015455000000001,9.129956999999965
0,0,1,baseline-final,3483,107.79705999993894,148.65542899951834,107.79691099999988,148.66473599999975,9.180815999570768,24.536048999834748,9.184493999999876,24.539752000000135
0,0,1,candidate-final,3483,110.67028999968898,133.39279100000567,110.65270000000015,133.40138000000002,8.909961999961524,11.20865299981233,8.913887000000065,11.212473000000056
0,16,0,baseline-final,3484,2244.6261009999944,5215.110140999968,2243.6337359999998,5213.564426000002,154.38084100060223,268.9595209994877,154.36920600000013,268.9738309999967
0,16,0,candidate-final,3484,1702.6005719999375,2358.376039999712,1702.353562999999,2357.924801000001,116.8243079991953,198.01512499998353,116.8227599999998,198.0260810000001
0,16,1,baseline-final,3484,2192.9218239993133,3152.9642819996297,2192.829046,3152.872841000001,166.07135300000664,268.92864299952635,166.0811339999988,268.933827999998
0,16,1,candidate-final,3484,1525.293328000771,2433.7234740005442,1525.2751299999989,2433.3203900000003,99.5862979998492,373.57532099940727,99.59311400000104,373.63199899999876
0,8,0,baseline-final,3483,555.2006839998285,732.6040540001486,555.1946780000003,732.1519289999995,36.97348300011072,55.604316999961156,36.978337999999944,55.610257999999746
0,8,0,candidate-final,3483,454.10736500070925,513.3000539999557,454.0733590000001,513.2403250000002,34.56010000081733,58.540005999930145,34.56471299999997,58.54601099999979
0,8,1,baseline-final,3483,659.2249079994872,1051.5850089996093,659.2491919999999,1049.9406600000002,45.80980200080376,62.20085499990091,45.81528800000001,62.20663599999998
0,8,1,candidate-final,3483,455.79197199913324,486.18358399926365,455.80307700000054,484.84728499999983,32.981505000861944,48.232817000098294,32.98654299999981,48.24038900000005
1,0,0,baseline-final,3483,46.038813999984995,62.322896999830846,46.04318400000002,62.32777200000006,3.968525000345835,5.093231000500964,3.9707640000000155,5.096189999999945
1,0,0,candidate-final,3483,45.10052600016934,167.4936549998165,45.10410599999998,167.49343100000002,3.765180999835138,12.079079999239184,3.7675100000000294,12.08238100000003
1,0,1,baseline-final,3483,116.45598199993401,129.24853999993502,116.46335299999988,129.25621200000003,9.719788000438712,10.998446000485274,9.722848000000006,11.00180900000003
1,0,1,candidate-final,3483,140.33804900009272,165.7609229996524,140.3465639999999,165.76301699999996,11.072123999838368,15.125949999855948,11.07537599999997,15.129460000000039
1,16,0,baseline-final,3484,2034.2246400005024,2381.8715850002263,2033.778336000001,2381.681091000001,133.12354599929677,181.0682689992973,132.82697200000015,181.07854199999807
1,16,0,candidate-final,3484,1282.2431690001395,1529.6236079993832,1282.2410769999983,1529.6004180000011,88.89102200009802,100.51512200061552,88.88861899999955,100.5227350000002
1,16,1,baseline-final,3484,2692.7944960007153,3614.17001800055,2692.8176270000004,3613.9419450000005,183.70238999978028,277.52088099987304,183.70445600000096,277.525751999999
1,16,1,candidate-final,3484,1642.8138430001127,2183.199868999509,1642.5347160000001,2182.860475,108.46148899963737,182.07471900041128,108.44612700000056,182.09456500000164
1,8,0,baseline-final,3483,665.6272569998691,769.1133250000348,665.6100180000007,769.1573859999999,43.03943800005072,51.503962999959185,43.044726000000196,51.50918700000062
1,8,0,candidate-final,3483,443.52679000076023,604.2331950002335,443.51983399999995,604.2138759999998,31.33809300015855,43.70295600074314,31.34282000000077,43.70813499999926
1,8,1,baseline-final,3483,788.6033129998395,919.9646360002589,788.4831559999999,919.5354499999997,59.09029200029181,73.03814399983821,59.0963879999995,73.03515799999971
1,8,1,candidate-final,3483,468.28730500055826,540.5806520002443,468.2888140000001,540.5839759999998,33.654787999694236,42.793025999344536,33.65956900000011,42.79232699999991
2,0,0,baseline-final,3483,45.64782200031914,53.4893390004072,45.64206299999996,53.494077999999945,3.746687000784732,5.189552000047115,3.749378999999997,5.192284999999908
2,0,0,candidate-final,3483,40.53770199971041,49.99657199914509,40.531918,50.00127800000009,4.148768999584718,7.28642900048726,4.1511390000000254,7.289153999999964
2,0,1,baseline-final,3483,128.6132599998382,144.38555099968653,128.62074099999975,144.39326799999998,10.549858000558743,13.772672000413877,10.552660000000103,13.77612100000003
2,0,1,candidate-final,3483,120.82349200045428,158.85797099963384,120.70281299999985,158.75792600000005,9.64018800004851,13.635925000016869,9.64357700000007,13.639245999999993
2,16,0,baseline-final,3484,2524.8462939998717,3386.598340999626,2524.8750189999996,3386.123437000002,198.5878559999037,397.4851650000346,198.59911300000022,397.4810610000006
2,16,0,candidate-final,3484,1687.1443330001057,2157.842922999407,1686.8055989999996,2157.5951530000025,121.96972400033701,165.416892000394,121.97781900000138,165.27306599999923
2,16,1,baseline-final,3484,2513.8013619998674,4154.03335100018,2513.7604460000025,4153.583573999999,172.47864100045263,242.00026499966043,172.46938499999942,242.01267699999818
2,16,1,candidate-final,3484,1502.4453489995722,1943.9755990006233,1502.458793999999,1943.9927069999997,102.67756099983671,154.75880700068956,102.66381099999933,154.74808199999933
2,8,0,baseline-final,3483,538.9700060004543,598.8759329993627,538.9755010000003,598.8710380000005,37.628698999469634,75.65401199917687,37.62449999999973,75.6712740000003
2,8,0,candidate-final,3483,680.0681160002569,989.446680000583,680.0241269999993,989.447834,49.02420800044638,83.24094599993259,49.02982399999978,83.24782600000091
2,8,1,baseline-final,3483,698.4808540000813,777.6542450001216,698.4945709999995,777.5338249999999,46.905737000088266,60.37985200055118,46.91157900000009,60.385943
2,8,1,candidate-final,3483,711.422592999952,1039.9528260004445,711.42547,1039.616796999999,50.10623799989844,75.14300099956017,50.11132000000007,75.14860100000043
