kind,storage,phase,sample,records_per_frame,frames,record_stride,cpu_ns,wall_ns,checksum,capacity_changes,malloc,calloc,realloc,aligned_alloc,posix_memalign,free
allocations,array,warm,0,4096,1024,32,32924573,32931604,26151333211930624,0,0,0,0,0,0,0
allocations,unique,warm,0,4096,1024,32,25480417,25476674,26151333211930624,0,0,0,0,0,0,0
allocations,arena,warm,0,4096,1024,32,24023016,24019555,26151333211930624,0,0,0,0,0,0,0
allocations,slab,warm,0,4096,1024,32,39428721,39424300,26151333211930624,0,0,0,0,0,0,0
allocations,array,coldReserved,0,4096,1024,32,31738101,31734578,26151333211930624,1024,1024,0,0,0,0,1023
allocations,unique,coldReserved,0,4096,1024,32,20479511,20476196,26151333211930624,1024,0,0,0,0,1024,1023
allocations,arena,coldReserved,0,4096,1024,32,20710071,20710942,26151333211930624,1024,0,0,0,0,1024,1023
allocations,slab,coldReserved,0,4096,1024,32,89730449,90204776,26151333211930624,1024,0,0,0,0,1024,1023
allocations,array,coldGrowing,0,4096,1024,32,66942367,66936482,26151333211930624,12288,13312,0,0,0,0,13311
allocations,unique,coldGrowing,0,4096,1024,32,224090140,229864866,26151333211930624,21504,0,0,0,0,21504,21503
allocations,arena,coldGrowing,0,4096,1024,32,172932836,179735360,26151333211930624,21504,0,0,0,0,21504,21503
allocations,unique,warmPayload,0,256,128,40,42814540,42809855,17678576,0,98304,0,0,0,0,98304
allocations,arena,warmPayload,0,256,128,40,41113268,41718620,17678576,0,98304,0,0,0,0,98304
